Image Location,Arm time point,Arm,Image Tag,Algorithm Name,Start Time,Analysis Region,Classified Area (mm²),Tumor Area (mm²),Stroma Area (mm²),Glass Area (mm²),Total Cells,Nuclei (DAPI) Positive Cells,FOXP3 (Opal 650) Positive Cells,CD3 (Opal 520) Positive Cells,CD8 (Opal 570) Positive Cells,PD1 (Opal 540) Positive Cells,PD-L1 (Opal 620) Positive Cells,Nuclei (DAPI) Positive Nuclei Cells,FOXP3 (Opal 650) Positive Nuclei Cells,CD3 (Opal 520) Positive Nuclei Cells,CD8 (Opal 570) Positive Nuclei Cells,PD1 (Opal 540) Positive Nuclei Cells,PD-L1 (Opal 620) Positive Nuclei Cells,Negative Nuclei Cells,Nuclei (DAPI) Positive Cytoplasm Cells,FOXP3 (Opal 650) Positive Cytoplasm Cells,CD3 (Opal 520) Positive Cytoplasm Cells,CD8 (Opal 570) Positive Cytoplasm Cells,PD1 (Opal 540) Positive Cytoplasm Cells,PD-L1 (Opal 620) Positive Cytoplasm Cells,Negative Cytoplasm Cells,CD3+ FOXP3+ Cells,CD3+ CD8+ Cells,CD3+ PD1+ Cells,CD8+ PD1+ Cells,% Nuclei (DAPI) Positive Cells,% FOXP3 (Opal 650) Positive Cells,% CD3 (Opal 520) Positive Cells,% CD8 (Opal 570) Positive Cells,% PD1 (Opal 540) Positive Cells,% PD-L1 (Opal 620) Positive Cells,% Nuclei (DAPI) Positive Nuclei Cells,% FOXP3 (Opal 650) Positive Nuclei Cells,% CD3 (Opal 520) Positive Nuclei Cells,% CD8 (Opal 570) Positive Nuclei Cells,% PD1 (Opal 540) Positive Nuclei Cells,% PD-L1 (Opal 620) Positive Nuclei Cells,% Nuclei (DAPI) Positive Cytoplasm Cells,% FOXP3 (Opal 650) Positive Cytoplasm Cells,% CD3 (Opal 520) Positive Cytoplasm Cells,% CD8 (Opal 570) Positive Cytoplasm Cells,% PD1 (Opal 540) Positive Cytoplasm Cells,% PD-L1 (Opal 620) Positive Cytoplasm Cells,% CD3+ FOXP3+ Positive Cells,% CD3+ CD8+ Positive Cells,% CD3+ PD1+ Positive Cells,% CD8+ PD1+ Positive Cells,Nuclei (DAPI) Avg Positive Nuclei Intensity,FOXP3 (Opal 650) Avg Positive Nuclei Intensity,CD3 (Opal 520) Avg Positive Nuclei Intensity,CD8 (Opal 570) Avg Positive Nuclei Intensity,PD1 (Opal 540) Avg Positive Nuclei Intensity,PD-L1 (Opal 620) Avg Positive Nuclei Intensity,Nuclei (DAPI) Avg Positive Cytoplasm Intensity,FOXP3 (Opal 650) Avg Positive Cytoplasm Intensity,CD3 (Opal 520) Avg Positive Cytoplasm Intensity,CD8 (Opal 570) Avg Positive Cytoplasm Intensity,PD1 (Opal 540) Avg Positive Cytoplasm Intensity,PD-L1 (Opal 620) Avg Positive Cytoplasm Intensity,Avg Cell Area (μm²),Avg Cytoplasm Area (μm²),Avg Nucleus Area (μm²),Avg Nucleus Perimeter (μm),Avg Nucleus Roundness,Area Analyzed (μm²),Tumor: Total Cells,Tumor: Nuclei (DAPI) Positive Cells,Tumor: FOXP3 (Opal 650) Positive Cells,Tumor: CD3 (Opal 520) Positive Cells,Tumor: CD8 (Opal 570) Positive Cells,Tumor: PD1 (Opal 540) Positive Cells,Tumor: PD-L1 (Opal 620) Positive Cells,Tumor: Nuclei (DAPI) Positive Nuclei Cells,Tumor: FOXP3 (Opal 650) Positive Nuclei Cells,Tumor: CD3 (Opal 520) Positive Nuclei Cells,Tumor: CD8 (Opal 570) Positive Nuclei Cells,Tumor: PD1 (Opal 540) Positive Nuclei Cells,Tumor: PD-L1 (Opal 620) Positive Nuclei Cells,Tumor: Negative Nuclei Cells,Tumor: Nuclei (DAPI) Positive Cytoplasm Cells,Tumor: FOXP3 (Opal 650) Positive Cytoplasm Cells,Tumor: CD3 (Opal 520) Positive Cytoplasm Cells,Tumor: CD8 (Opal 570) Positive Cytoplasm Cells,Tumor: PD1 (Opal 540) Positive Cytoplasm Cells,Tumor: PD-L1 (Opal 620) Positive Cytoplasm Cells,Tumor: Negative Cytoplasm Cells,Tumor: CD3+ FOXP3+ Cells,Tumor: CD3+ CD8+ Cells,Tumor: CD3+ PD1+ Cells,Tumor: CD8+ PD1+ Cells,Tumor: % Nuclei (DAPI) Positive Cells,Tumor: % FOXP3 (Opal 650) Positive Cells,Tumor: % CD3 (Opal 520) Positive Cells,Tumor: % CD8 (Opal 570) Positive Cells,Tumor: % PD1 (Opal 540) Positive Cells,Tumor: % PD-L1 (Opal 620) Positive Cells,Tumor: % Nuclei (DAPI) Positive Nuclei Cells,Tumor: % FOXP3 (Opal 650) Positive Nuclei Cells,Tumor: % CD3 (Opal 520) Positive Nuclei Cells,Tumor: % CD8 (Opal 570) Positive Nuclei Cells,Tumor: % PD1 (Opal 540) Positive Nuclei Cells,Tumor: % PD-L1 (Opal 620) Positive Nuclei Cells,Tumor: % Nuclei (DAPI) Positive Cytoplasm Cells,Tumor: % FOXP3 (Opal 650) Positive Cytoplasm Cells,Tumor: % CD3 (Opal 520) Positive Cytoplasm Cells,Tumor: % CD8 (Opal 570) Positive Cytoplasm Cells,Tumor: % PD1 (Opal 540) Positive Cytoplasm Cells,Tumor: % PD-L1 (Opal 620) Positive Cytoplasm Cells,Tumor: % CD3+ FOXP3+ Positive Cells,Tumor: % CD3+ CD8+ Positive Cells,Tumor: % CD3+ PD1+ Positive Cells,Tumor: % CD8+ PD1+ Positive Cells,Tumor: Nuclei (DAPI) Avg Positive Nuclei Intensity,Tumor: FOXP3 (Opal 650) Avg Positive Nuclei Intensity,Tumor: CD3 (Opal 520) Avg Positive Nuclei Intensity,Tumor: CD8 (Opal 570) Avg Positive Nuclei Intensity,Tumor: PD1 (Opal 540) Avg Positive Nuclei Intensity,Tumor: PD-L1 (Opal 620) Avg Positive Nuclei Intensity,Tumor: Nuclei (DAPI) Avg Positive Cytoplasm Intensity,Tumor: FOXP3 (Opal 650) Avg Positive Cytoplasm Intensity,Tumor: CD3 (Opal 520) Avg Positive Cytoplasm Intensity,Tumor: CD8 (Opal 570) Avg Positive Cytoplasm Intensity,Tumor: PD1 (Opal 540) Avg Positive Cytoplasm Intensity,Tumor: PD-L1 (Opal 620) Avg Positive Cytoplasm Intensity,Tumor: Avg Cell Area (μm²),Tumor: Avg Cytoplasm Area (μm²),Tumor: Avg Nucleus Area (μm²),Tumor: Avg Nucleus Perimeter (μm),Tumor: Avg Nucleus Roundness,Tumor: Area Analyzed (μm²),Stroma: Total Cells,Stroma: Nuclei (DAPI) Positive Cells,Stroma: FOXP3 (Opal 650) Positive Cells,Stroma: CD3 (Opal 520) Positive Cells,Stroma: CD8 (Opal 570) Positive Cells,Stroma: PD1 (Opal 540) Positive Cells,Stroma: PD-L1 (Opal 620) Positive Cells,Stroma: Nuclei (DAPI) Positive Nuclei Cells,Stroma: FOXP3 (Opal 650) Positive Nuclei Cells,Stroma: CD3 (Opal 520) Positive Nuclei Cells,Stroma: CD8 (Opal 570) Positive Nuclei Cells,Stroma: PD1 (Opal 540) Positive Nuclei Cells,Stroma: PD-L1 (Opal 620) Positive Nuclei Cells,Stroma: Negative Nuclei Cells,Stroma: Nuclei (DAPI) Positive Cytoplasm Cells,Stroma: FOXP3 (Opal 650) Positive Cytoplasm Cells,Stroma: CD3 (Opal 520) Positive Cytoplasm Cells,Stroma: CD8 (Opal 570) Positive Cytoplasm Cells,Stroma: PD1 (Opal 540) Positive Cytoplasm Cells,Stroma: PD-L1 (Opal 620) Positive Cytoplasm Cells,Stroma: Negative Cytoplasm Cells,Stroma: CD3+ FOXP3+ Cells,Stroma: CD3+ CD8+ Cells,Stroma: CD3+ PD1+ Cells,Stroma: CD8+ PD1+ Cells,Stroma: % Nuclei (DAPI) Positive Cells,Stroma: % FOXP3 (Opal 650) Positive Cells,Stroma: % CD3 (Opal 520) Positive Cells,Stroma: % CD8 (Opal 570) Positive Cells,Stroma: % PD1 (Opal 540) Positive Cells,Stroma: % PD-L1 (Opal 620) Positive Cells,Stroma: % Nuclei (DAPI) Positive Nuclei Cells,Stroma: % FOXP3 (Opal 650) Positive Nuclei Cells,Stroma: % CD3 (Opal 520) Positive Nuclei Cells,Stroma: % CD8 (Opal 570) Positive Nuclei Cells,Stroma: % PD1 (Opal 540) Positive Nuclei Cells,Stroma: % PD-L1 (Opal 620) Positive Nuclei Cells,Stroma: % Nuclei (DAPI) Positive Cytoplasm Cells,Stroma: % FOXP3 (Opal 650) Positive Cytoplasm Cells,Stroma: % CD3 (Opal 520) Positive Cytoplasm Cells,Stroma: % CD8 (Opal 570) Positive Cytoplasm Cells,Stroma: % PD1 (Opal 540) Positive Cytoplasm Cells,Stroma: % PD-L1 (Opal 620) Positive Cytoplasm Cells,Stroma: % CD3+ FOXP3+ Positive Cells,Stroma: % CD3+ CD8+ Positive Cells,Stroma: % CD3+ PD1+ Positive Cells,Stroma: % CD8+ PD1+ Positive Cells,Stroma: Nuclei (DAPI) Avg Positive Nuclei Intensity,Stroma: FOXP3 (Opal 650) Avg Positive Nuclei Intensity,Stroma: CD3 (Opal 520) Avg Positive Nuclei Intensity,Stroma: CD8 (Opal 570) Avg Positive Nuclei Intensity,Stroma: PD1 (Opal 540) Avg Positive Nuclei Intensity,Stroma: PD-L1 (Opal 620) Avg Positive Nuclei Intensity,Stroma: Nuclei (DAPI) Avg Positive Cytoplasm Intensity,Stroma: FOXP3 (Opal 650) Avg Positive Cytoplasm Intensity,Stroma: CD3 (Opal 520) Avg Positive Cytoplasm Intensity,Stroma: CD8 (Opal 570) Avg Positive Cytoplasm Intensity,Stroma: PD1 (Opal 540) Avg Positive Cytoplasm Intensity,Stroma: PD-L1 (Opal 620) Avg Positive Cytoplasm Intensity,Stroma: Avg Cell Area (μm²),Stroma: Avg Cytoplasm Area (μm²),Stroma: Avg Nucleus Area (μm²),Stroma: Avg Nucleus Perimeter (μm),Stroma: Avg Nucleus Roundness,Stroma: Area Analyzed (μm²),Analysis Inputs
2,B-dur,B,2,2,3/24/21 12:29,Layer 1,15.80466,0.28993,6.4135,9.10122,26000,0,106,2324,40,3,323,0,106,0,0,0,49,25846,0,0,2324,40,3,323,23505,84,36,3,0,0,0.407692,8.938461,0.153846,0.011538,1.242308,0,0.407692,0,0,0,0.188462,0,0,8.938461,0.153846,0.011538,1.242308,0.323077,0.138462,0.011538,0,0,9.929587,0,0,0,5.851048,0,0,2.628202,3.279762,1.519262,2.694948,44.057285,32.136196,11.921092,14.83084,0.650608,6739640,1354,0,2,43,0,0,15,0,2,0,0,0,4,1348,0,0,43,0,0,15,1297,1,0,0,0,0,0.14771,3.175776,0,0,1.107829,0,0.14771,0,0,0,0.295421,0,0,3.175776,0,0,1.107829,0.073855,0,0,0,0,15.008671,0,0,0,4.944126,0,0,2.827034,0,0,3.226159,47.765385,33.356312,14.40907,16.144823,0.674426,283507.531,24646,0,104,2281,40,3,308,0,104,0,0,0,45,24498,0,0,2281,40,3,308,22208,83,36,3,0,0,0.421975,9.255052,0.162298,0.012172,1.249696,0,0.421975,0,0,0,0.182585,0,0,9.255052,0.162298,0.012172,1.249696,0.336769,0.146068,0.012172,0,0,9.831913,0,0,0,5.931663,0,0,2.624454,3.279762,1.519262,2.669078,43.853573,32.069164,11.784408,14.758652,0.649299,6456132.5,Class List:Tumor | Stroma;Classifier:Beg_P1_WTS_March2021_TvS;Classifier Output Type:Mask;Classify Registered:;Image Zoom:1;num_markers:6;nuclear_contrast:0.8;nuclear_min_intensity:1;nuclear_segg_agg:0.65;nuclear_fill_holes:true;nuclear_min_area:4.3;nuclear_max_area:571.7;nuclear_roundness:0;cyto_radius:2;membrane_segg_agg:0;cell_min_area:10;cell_max_area:600;num_phenotypes:4;verbose:true;Dye 1:Nuclei (DAPI);dye_use_membrane:False;dye_nuclei_weight:1;dye_nuclei_positive_threshold:41000;dye_cyto_positive_threshold:41000;dye_membrane_positive_threshold:41000;Dye 2:FOXP3 (Opal 650);dye_use_membrane:False;dye_nuclei_weight:0.2;dye_nuclei_positive_threshold:4.5;dye_cyto_positive_threshold:96;dye_membrane_positive_threshold:96;Dye 3:CD3 (Opal 520);dye_use_membrane:False;dye_nuclei_weight:0;dye_nuclei_positive_threshold:101;dye_cyto_positive_threshold:1;dye_membrane_positive_threshold:101;Dye 4:CD8 (Opal 570);dye_use_membrane:False;dye_nuclei_weight:0;dye_nuclei_positive_threshold:17;dye_cyto_positive_threshold:2.5;dye_membrane_positive_threshold:17;Dye 5:PD1 (Opal 540);dye_use_membrane:False;dye_nuclei_weight:0;dye_nuclei_positive_threshold:66;dye_cyto_positive_threshold:1;dye_membrane_positive_threshold:66;Dye 6:PD-L1 (Opal 620);dye_use_membrane:False;dye_nuclei_weight:0;dye_nuclei_positive_threshold:3;dye_cyto_positive_threshold:1;dye_membrane_positive_threshold:31;phenotype_name:CD3+ FOXP3+;phenotype_num_criterias:2;phenotype_criteria_channel:CD3 (Opal 520);phenotype_criteria_filter:AND Positive;phenotype_criteria_channel:FOXP3 (Opal 650);phenotype_criteria_filter:AND Positive;phenotype_name:CD3+ CD8+;phenotype_num_criterias:2;phenotype_criteria_channel:CD3 (Opal 520);phenotype_criteria_filter:AND Positive;phenotype_criteria_channel:CD8 (Opal 570);phenotype_criteria_filter:AND Positive;phenotype_name:CD3+ PD1+;phenotype_num_criterias:2;phenotype_criteria_channel:CD3 (Opal 520);phenotype_criteria_filter:AND Positive;phenotype_criteria_channel:PD1 (Opal 540);phenotype_criteria_filter:AND Positive;phenotype_name:CD8+ PD1+;phenotype_num_criterias:2;phenotype_criteria_channel:CD8 (Opal 570);phenotype_criteria_filter:AND Positive;phenotype_criteria_channel:PD1 (Opal 540);phenotype_criteria_filter:AND Positive;output_image:Colocalization
2,B-dur,B,2,2,3/24/21 12:30,Layer 1,13.6359,3.72096,3.8427,6.07224,30590,0,853,4174,1003,173,7579,0,853,0,0,0,702,29066,0,0,4174,1003,173,7579,20406,701,883,166,32,0,2.788493,13.644982,3.278849,0.565544,24.776072,0,2.788493,0,0,0,2.294868,0,0,13.644982,3.278849,0.565544,24.776072,2.291599,2.886564,0.542661,0.104609,0,16.21294,0,0,0,5.017774,0,0,3.055851,4.127803,1.670111,2.453997,57.082787,36.853008,20.229776,18.756376,0.713871,7574431.5,19395,0,384,1995,626,103,5458,0,384,0,0,0,457,18570,0,0,1995,626,103,5458,12833,297,545,100,24,0,1.979892,10.286157,3.227636,0.531065,28.141273,0,1.979892,0,0,0,2.356277,0,0,10.286157,3.227636,0.531065,28.141273,1.531322,2.810003,0.515597,0.123743,0,17.073322,0,0,0,4.838045,0,0,3.037082,4.207924,1.663665,2.356407,60.956551,38.257843,22.698709,19.915257,0.718475,3697463.75,11195,0,469,2179,377,70,2121,0,469,0,0,0,245,10496,0,0,2179,377,70,2121,7573,404,338,66,8,0,4.18937,19.464046,3.367575,0.625279,18.945957,0,4.18937,0,0,0,2.188477,0,0,19.464046,3.367575,0.625279,18.945957,3.608754,3.019205,0.589549,0.07146,0,15.508492,0,0,0,5.353024,0,0,3.073034,3.994764,1.679596,2.705127,50.371605,34.419178,15.952426,16.748652,0.705895,3876967.5,Class List:Tumor | Stroma;Classifier:Beg_P1_WTS_March2021_TvS;Classifier Output Type:Mask;Classify Registered:;Image Zoom:1;num_markers:6;nuclear_contrast:0.8;nuclear_min_intensity:1;nuclear_segg_agg:0.65;nuclear_fill_holes:true;nuclear_min_area:4.3;nuclear_max_area:571.7;nuclear_roundness:0;cyto_radius:2;membrane_segg_agg:0;cell_min_area:10;cell_max_area:600;num_phenotypes:4;verbose:true;Dye 1:Nuclei (DAPI);dye_use_membrane:False;dye_nuclei_weight:1;dye_nuclei_positive_threshold:41000;dye_cyto_positive_threshold:41000;dye_membrane_positive_threshold:41000;Dye 2:FOXP3 (Opal 650);dye_use_membrane:False;dye_nuclei_weight:0.2;dye_nuclei_positive_threshold:4.5;dye_cyto_positive_threshold:96;dye_membrane_positive_threshold:96;Dye 3:CD3 (Opal 520);dye_use_membrane:False;dye_nuclei_weight:0;dye_nuclei_positive_threshold:101;dye_cyto_positive_threshold:1;dye_membrane_positive_threshold:101;Dye 4:CD8 (Opal 570);dye_use_membrane:False;dye_nuclei_weight:0;dye_nuclei_positive_threshold:17;dye_cyto_positive_threshold:2.5;dye_membrane_positive_threshold:17;Dye 5:PD1 (Opal 540);dye_use_membrane:False;dye_nuclei_weight:0;dye_nuclei_positive_threshold:66;dye_cyto_positive_threshold:1;dye_membrane_positive_threshold:66;Dye 6:PD-L1 (Opal 620);dye_use_membrane:False;dye_nuclei_weight:0;dye_nuclei_positive_threshold:3;dye_cyto_positive_threshold:1;dye_membrane_positive_threshold:31;phenotype_name:CD3+ FOXP3+;phenotype_num_criterias:2;phenotype_criteria_channel:CD3 (Opal 520);phenotype_criteria_filter:AND Positive;phenotype_criteria_channel:FOXP3 (Opal 650);phenotype_criteria_filter:AND Positive;phenotype_name:CD3+ CD8+;phenotype_num_criterias:2;phenotype_criteria_channel:CD3 (Opal 520);phenotype_criteria_filter:AND Positive;phenotype_criteria_channel:CD8 (Opal 570);phenotype_criteria_filter:AND Positive;phenotype_name:CD3+ PD1+;phenotype_num_criterias:2;phenotype_criteria_channel:CD3 (Opal 520);phenotype_criteria_filter:AND Positive;phenotype_criteria_channel:PD1 (Opal 540);phenotype_criteria_filter:AND Positive;phenotype_name:CD8+ PD1+;phenotype_num_criterias:2;phenotype_criteria_channel:CD8 (Opal 570);phenotype_criteria_filter:AND Positive;phenotype_criteria_channel:PD1 (Opal 540);phenotype_criteria_filter:AND Positive;output_image:Colocalization
2,B-dur,B,2,2,3/24/21 12:24,Layer 1,1.43187,0.00096,1.20102,0.22989,6798,0,802,4379,452,11,198,0,802,0,0,0,3,5994,0,0,4379,452,11,198,2361,776,437,11,2,0,11.797587,64.416008,6.649014,0.161812,2.912621,0,11.797587,0,0,0,0.044131,0,0,64.416008,6.649014,0.161812,2.912621,11.415122,6.428361,0.161812,0.02942,0,9.820354,0,0,0,3.543316,0,0,3.313409,5.632113,1.278598,1.469212,51.5494,30.844316,20.705084,19.471874,0.696811,1204500.25,10,0,0,6,0,0,0,0,0,0,0,0,0,10,0,0,6,0,0,0,4,0,0,0,0,0,0,60,0,0,0,0,0,0,0,0,0,0,0,60,0,0,0,0,0,0,0,0,0,0,0,0,0,0,0,2.58004,0,0,0,50.641651,29.76741,20.874241,20.278563,0.67733,931.312317,6788,0,802,4373,452,11,198,0,802,0,0,0,3,5984,0,0,4373,452,11,198,2357,776,437,11,2,0,11.814967,64.422508,6.65881,0.162051,2.916912,0,11.814967,0,0,0,0.044196,0,0,64.422508,6.65881,0.162051,2.916912,11.431939,6.437831,0.162051,0.029464,0,9.820354,0,0,0,3.543316,0,0,3.314415,5.632113,1.278598,1.469212,51.550735,30.845901,20.704834,19.470686,0.69684,1203569,Class List:Tumor | Stroma;Classifier:Beg_P1_WTS_March2021_TvS;Classifier Output Type:Mask;Classify Registered:;Image Zoom:1;num_markers:6;nuclear_contrast:0.8;nuclear_min_intensity:1;nuclear_segg_agg:0.65;nuclear_fill_holes:true;nuclear_min_area:4.3;nuclear_max_area:571.7;nuclear_roundness:0;cyto_radius:2;membrane_segg_agg:0;cell_min_area:10;cell_max_area:600;num_phenotypes:4;verbose:true;Dye 1:Nuclei (DAPI);dye_use_membrane:False;dye_nuclei_weight:1;dye_nuclei_positive_threshold:41000;dye_cyto_positive_threshold:41000;dye_membrane_positive_threshold:41000;Dye 2:FOXP3 (Opal 650);dye_use_membrane:False;dye_nuclei_weight:0.2;dye_nuclei_positive_threshold:4.5;dye_cyto_positive_threshold:96;dye_membrane_positive_threshold:96;Dye 3:CD3 (Opal 520);dye_use_membrane:False;dye_nuclei_weight:0;dye_nuclei_positive_threshold:101;dye_cyto_positive_threshold:1;dye_membrane_positive_threshold:101;Dye 4:CD8 (Opal 570);dye_use_membrane:False;dye_nuclei_weight:0;dye_nuclei_positive_threshold:17;dye_cyto_positive_threshold:4;dye_membrane_positive_threshold:17;Dye 5:PD1 (Opal 540);dye_use_membrane:False;dye_nuclei_weight:0;dye_nuclei_positive_threshold:66;dye_cyto_positive_threshold:1;dye_membrane_positive_threshold:66;Dye 6:PD-L1 (Opal 620);dye_use_membrane:False;dye_nuclei_weight:0;dye_nuclei_positive_threshold:3;dye_cyto_positive_threshold:1;dye_membrane_positive_threshold:31;phenotype_name:CD3+ FOXP3+;phenotype_num_criterias:2;phenotype_criteria_channel:CD3 (Opal 520);phenotype_criteria_filter:AND Positive;phenotype_criteria_channel:FOXP3 (Opal 650);phenotype_criteria_filter:AND Positive;phenotype_name:CD3+ CD8+;phenotype_num_criterias:2;phenotype_criteria_channel:CD3 (Opal 520);phenotype_criteria_filter:AND Positive;phenotype_criteria_channel:CD8 (Opal 570);phenotype_criteria_filter:AND Positive;phenotype_name:CD3+ PD1+;phenotype_num_criterias:2;phenotype_criteria_channel:CD3 (Opal 520);phenotype_criteria_filter:AND Positive;phenotype_criteria_channel:PD1 (Opal 540);phenotype_criteria_filter:AND Positive;phenotype_name:CD8+ PD1+;phenotype_num_criterias:2;phenotype_criteria_channel:CD8 (Opal 570);phenotype_criteria_filter:AND Positive;phenotype_criteria_channel:PD1 (Opal 540);phenotype_criteria_filter:AND Positive;output_image:CD8 (Opal 570)
2,B-dur,B,2,2,3/24/21 12:33,Layer 1,18.04452,0.3629,9.83575,7.84587,21828,0,639,5376,1544,1,3325,0,639,0,2,0,262,20940,0,0,5376,1544,1,3325,14236,476,1375,0,1,0,2.927433,24.628918,7.073483,0.004581,15.232729,0,2.927433,0,0.009163,0,1.200293,0,0,24.628918,7.073483,0.004581,15.232729,2.180685,6.299249,0,0.004581,0,11.254519,0,17.449497,0,5.124641,0,0,2.668169,3.902311,1.011713,2.029158,41.352222,30.940248,10.411974,13.27548,0.68065,10216479,506,0,28,66,24,0,90,0,28,0,0,0,29,449,0,0,66,24,0,90,376,8,20,0,0,0,5.533597,13.043478,4.743083,0,17.786562,0,5.533597,0,0,0,5.731225,0,0,13.043478,4.743083,0,17.786562,1.581028,3.952569,0,0,0,22.350063,0,0,0,7.183661,0,0,2.391261,3.194395,0,3.001136,43.320995,31.439028,11.881968,14.071857,0.681126,354006.625,21322,0,611,5310,1520,1,3235,0,611,0,2,0,233,20491,0,0,5310,1520,1,3235,13860,468,1355,0,1,0,2.865585,24.903854,7.128787,0.00469,15.172123,0,2.865585,0,0.00938,0,1.092768,0,0,24.903854,7.128787,0.00469,15.172123,2.194916,6.354939,0,0.00469,0,10.746049,0,17.449497,0,4.868368,0,0,2.671611,3.913488,1.011713,2.002117,41.3055,30.928411,10.377089,13.25658,0.680639,9862472,Class List:Tumor | Stroma;Classifier:Beg_P1_WTS_March2021_TvS;Classifier Output Type:Mask;Classify Registered:;Image Zoom:1;num_markers:6;nuclear_contrast:0.8;nuclear_min_intensity:1;nuclear_segg_agg:0.65;nuclear_fill_holes:true;nuclear_min_area:4.3;nuclear_max_area:571.7;nuclear_roundness:0;cyto_radius:2;membrane_segg_agg:0;cell_min_area:10;cell_max_area:600;num_phenotypes:4;verbose:true;Dye 1:Nuclei (DAPI);dye_use_membrane:False;dye_nuclei_weight:1;dye_nuclei_positive_threshold:41000;dye_cyto_positive_threshold:41000;dye_membrane_positive_threshold:41000;Dye 2:FOXP3 (Opal 650);dye_use_membrane:False;dye_nuclei_weight:0.2;dye_nuclei_positive_threshold:4.5;dye_cyto_positive_threshold:96;dye_membrane_positive_threshold:96;Dye 3:CD3 (Opal 520);dye_use_membrane:False;dye_nuclei_weight:0;dye_nuclei_positive_threshold:101;dye_cyto_positive_threshold:1;dye_membrane_positive_threshold:101;Dye 4:CD8 (Opal 570);dye_use_membrane:False;dye_nuclei_weight:0;dye_nuclei_positive_threshold:17;dye_cyto_positive_threshold:2.5;dye_membrane_positive_threshold:17;Dye 5:PD1 (Opal 540);dye_use_membrane:False;dye_nuclei_weight:0;dye_nuclei_positive_threshold:66;dye_cyto_positive_threshold:1;dye_membrane_positive_threshold:66;Dye 6:PD-L1 (Opal 620);dye_use_membrane:False;dye_nuclei_weight:0;dye_nuclei_positive_threshold:3;dye_cyto_positive_threshold:1;dye_membrane_positive_threshold:31;phenotype_name:CD3+ FOXP3+;phenotype_num_criterias:2;phenotype_criteria_channel:CD3 (Opal 520);phenotype_criteria_filter:AND Positive;phenotype_criteria_channel:FOXP3 (Opal 650);phenotype_criteria_filter:AND Positive;phenotype_name:CD3+ CD8+;phenotype_num_criterias:2;phenotype_criteria_channel:CD3 (Opal 520);phenotype_criteria_filter:AND Positive;phenotype_criteria_channel:CD8 (Opal 570);phenotype_criteria_filter:AND Positive;phenotype_name:CD3+ PD1+;phenotype_num_criterias:2;phenotype_criteria_channel:CD3 (Opal 520);phenotype_criteria_filter:AND Positive;phenotype_criteria_channel:PD1 (Opal 540);phenotype_criteria_filter:AND Positive;phenotype_name:CD8+ PD1+;phenotype_num_criterias:2;phenotype_criteria_channel:CD8 (Opal 570);phenotype_criteria_filter:AND Positive;phenotype_criteria_channel:PD1 (Opal 540);phenotype_criteria_filter:AND Positive;output_image:Colocalization
2,B-dur,B,2,2,3/24/21 12:44,Layer 1,19.86624,2.75301,5.02299,12.09024,32384,0,704,5446,991,2,2911,0,704,0,1,0,222,31496,0,0,5446,991,2,2911,24993,596,849,2,1,0,2.173913,16.816946,3.060153,0.006176,8.989007,0,2.173913,0,0.003088,0,0.685524,0,0,16.816946,3.060153,0.006176,8.989007,1.840415,2.621665,0.006176,0.003088,0,10.855607,0,19.433853,0,5.198569,0,0,2.860653,3.984872,1.269198,2.237098,51.218102,34.306141,16.911959,17.250973,0.70071,7795172,17900,0,226,1970,313,0,1463,0,226,0,0,0,101,17581,0,0,1970,313,0,1463,14709,191,247,0,0,0,1.26257,11.005587,1.748603,0,8.173184,0,1.26257,0,0,0,0.564246,0,0,11.005587,1.748603,0,8.173184,1.067039,1.379888,0,0,0,10.864577,0,0,0,4.917871,0,0,2.647109,3.879884,0,2.152491,53.423073,34.853477,18.569595,18.062754,0.709138,2711356.75,14484,0,478,3476,678,2,1448,0,478,0,1,0,121,13915,0,0,3476,678,2,1448,10284,405,602,2,1,0,3.300193,23.998896,4.681027,0.013808,9.997238,0,3.300193,0,0.006904,0,0.835405,0,0,23.998896,4.681027,0.013808,9.997238,2.796189,4.156311,0.013808,0.006904,0,10.851366,0,19.433853,0,5.43287,0,0,2.981677,4.03334,1.269198,2.322582,48.493095,33.629723,14.863375,16.247736,0.690294,5083815.5,Class List:Tumor | Stroma;Classifier:Beg_P1_WTS_March2021_TvS;Classifier Output Type:Mask;Classify Registered:;Image Zoom:1;num_markers:6;nuclear_contrast:0.8;nuclear_min_intensity:1;nuclear_segg_agg:0.65;nuclear_fill_holes:true;nuclear_min_area:4.3;nuclear_max_area:571.7;nuclear_roundness:0;cyto_radius:2;membrane_segg_agg:0;cell_min_area:10;cell_max_area:600;num_phenotypes:4;verbose:true;Dye 1:Nuclei (DAPI);dye_use_membrane:False;dye_nuclei_weight:1;dye_nuclei_positive_threshold:41000;dye_cyto_positive_threshold:41000;dye_membrane_positive_threshold:41000;Dye 2:FOXP3 (Opal 650);dye_use_membrane:False;dye_nuclei_weight:0.2;dye_nuclei_positive_threshold:4.5;dye_cyto_positive_threshold:96;dye_membrane_positive_threshold:96;Dye 3:CD3 (Opal 520);dye_use_membrane:False;dye_nuclei_weight:0;dye_nuclei_positive_threshold:101;dye_cyto_positive_threshold:1;dye_membrane_positive_threshold:101;Dye 4:CD8 (Opal 570);dye_use_membrane:False;dye_nuclei_weight:0;dye_nuclei_positive_threshold:17;dye_cyto_positive_threshold:2.5;dye_membrane_positive_threshold:17;Dye 5:PD1 (Opal 540);dye_use_membrane:False;dye_nuclei_weight:0;dye_nuclei_positive_threshold:66;dye_cyto_positive_threshold:1;dye_membrane_positive_threshold:66;Dye 6:PD-L1 (Opal 620);dye_use_membrane:False;dye_nuclei_weight:0;dye_nuclei_positive_threshold:3;dye_cyto_positive_threshold:1;dye_membrane_positive_threshold:31;phenotype_name:CD3+ FOXP3+;phenotype_num_criterias:2;phenotype_criteria_channel:CD3 (Opal 520);phenotype_criteria_filter:AND Positive;phenotype_criteria_channel:FOXP3 (Opal 650);phenotype_criteria_filter:AND Positive;phenotype_name:CD3+ CD8+;phenotype_num_criterias:2;phenotype_criteria_channel:CD3 (Opal 520);phenotype_criteria_filter:AND Positive;phenotype_criteria_channel:CD8 (Opal 570);phenotype_criteria_filter:AND Positive;phenotype_name:CD3+ PD1+;phenotype_num_criterias:2;phenotype_criteria_channel:CD3 (Opal 520);phenotype_criteria_filter:AND Positive;phenotype_criteria_channel:PD1 (Opal 540);phenotype_criteria_filter:AND Positive;phenotype_name:CD8+ PD1+;phenotype_num_criterias:2;phenotype_criteria_channel:CD8 (Opal 570);phenotype_criteria_filter:AND Positive;phenotype_criteria_channel:PD1 (Opal 540);phenotype_criteria_filter:AND Positive;output_image:Colocalization
2,B-dur,B,2,2,3/24/21 12:49,Layer 1,32.36975,10.90546,7.24959,14.2147,53036,0,466,2052,495,5,850,0,466,0,1,0,65,52506,0,0,2052,495,5,849,50236,349,434,4,0,0,0.878648,3.86907,0.933328,0.009428,1.602685,0,0.878648,0,0.001886,0,0.122558,0,0,3.86907,0.933328,0.009428,1.600799,0.658044,0.818312,0.007542,0,0,11.717698,0,17.884317,0,6.140931,0,0,2.75361,4.098866,1.276067,2.036278,56.989658,36.329887,20.659773,19.122044,0.692234,18171754,37260,0,104,245,59,3,306,0,104,0,0,0,28,37129,0,0,245,59,3,305,36731,43,48,3,0,0,0.27912,0.657542,0.158347,0.008052,0.821256,0,0.27912,0,0,0,0.075148,0,0,0.657542,0.158347,0.008052,0.818572,0.115405,0.128824,0.008052,0,0,9.355938,0,0,0,6.875367,0,0,2.566614,3.577078,1.311364,2.10543,60.622684,37.154602,23.468082,20.51288,0.697141,10839595,15776,0,362,1807,436,2,544,0,362,0,1,0,37,15377,0,0,1807,436,2,544,13505,306,386,1,0,0,2.294625,11.454107,2.763692,0.012677,3.448276,0,2.294625,0,0.006339,0,0.234533,0,0,11.454107,2.763692,0.012677,3.448276,1.939655,2.446754,0.006339,0,0,12.396214,0,17.884317,0,5.585142,0,0,2.778964,4.169475,1.223123,1.997507,48.409119,34.382057,14.027061,15.837145,0.680644,7332159.5,Class List:Tumor | Stroma;Classifier:Beg_P1_WTS_March2021_TvS;Classifier Output Type:Mask;Classify Registered:;Image Zoom:1;num_markers:6;nuclear_contrast:0.8;nuclear_min_intensity:1;nuclear_segg_agg:0.65;nuclear_fill_holes:true;nuclear_min_area:4.3;nuclear_max_area:571.7;nuclear_roundness:0;cyto_radius:2;membrane_segg_agg:0;cell_min_area:10;cell_max_area:600;num_phenotypes:4;verbose:true;Dye 1:Nuclei (DAPI);dye_use_membrane:False;dye_nuclei_weight:1;dye_nuclei_positive_threshold:41000;dye_cyto_positive_threshold:41000;dye_membrane_positive_threshold:41000;Dye 2:FOXP3 (Opal 650);dye_use_membrane:False;dye_nuclei_weight:0.2;dye_nuclei_positive_threshold:4.5;dye_cyto_positive_threshold:96;dye_membrane_positive_threshold:96;Dye 3:CD3 (Opal 520);dye_use_membrane:False;dye_nuclei_weight:0;dye_nuclei_positive_threshold:101;dye_cyto_positive_threshold:1;dye_membrane_positive_threshold:101;Dye 4:CD8 (Opal 570);dye_use_membrane:False;dye_nuclei_weight:0;dye_nuclei_positive_threshold:17;dye_cyto_positive_threshold:2.5;dye_membrane_positive_threshold:17;Dye 5:PD1 (Opal 540);dye_use_membrane:False;dye_nuclei_weight:0;dye_nuclei_positive_threshold:66;dye_cyto_positive_threshold:1;dye_membrane_positive_threshold:66;Dye 6:PD-L1 (Opal 620);dye_use_membrane:False;dye_nuclei_weight:0;dye_nuclei_positive_threshold:3;dye_cyto_positive_threshold:1;dye_membrane_positive_threshold:31;phenotype_name:CD3+ FOXP3+;phenotype_num_criterias:2;phenotype_criteria_channel:CD3 (Opal 520);phenotype_criteria_filter:AND Positive;phenotype_criteria_channel:FOXP3 (Opal 650);phenotype_criteria_filter:AND Positive;phenotype_name:CD3+ CD8+;phenotype_num_criterias:2;phenotype_criteria_channel:CD3 (Opal 520);phenotype_criteria_filter:AND Positive;phenotype_criteria_channel:CD8 (Opal 570);phenotype_criteria_filter:AND Positive;phenotype_name:CD3+ PD1+;phenotype_num_criterias:2;phenotype_criteria_channel:CD3 (Opal 520);phenotype_criteria_filter:AND Positive;phenotype_criteria_channel:PD1 (Opal 540);phenotype_criteria_filter:AND Positive;phenotype_name:CD8+ PD1+;phenotype_num_criterias:2;phenotype_criteria_channel:CD8 (Opal 570);phenotype_criteria_filter:AND Positive;phenotype_criteria_channel:PD1 (Opal 540);phenotype_criteria_filter:AND Positive;output_image:Colocalization
2,B-dur,B,2,2,3/24/21 12:12,Layer 1,18.48538,13.8231,2.33168,2.3306,131202,0,2301,781,3141,6,88987,0,2301,0,0,0,26787,103209,0,0,781,3141,6,88966,41654,183,153,6,2,0,1.753784,0.595265,2.394018,0.004573,67.824425,0,1.753784,0,0,0,20.416609,0,0,0.595265,2.394018,0.004573,67.808418,0.13948,0.116614,0.004573,0.001524,0,6.367539,0,0,0,5.161559,0,0,2.419084,2.922234,1.414437,3.025877,46.594158,30.33268,16.261478,16.670345,0.686298,16161473,120099,0,2083,360,3033,4,88239,0,2083,0,0,0,26689,92414,0,0,360,3033,4,88219,31657,71,86,4,1,0,1.734402,0.299753,2.525417,0.003331,73.471886,0,1.734402,0,0,0,22.2225,0,0,0.299753,2.525417,0.003331,73.455231,0.059118,0.071608,0.003331,0.000833,0,5.71971,0,0,0,5.16099,0,0,2.316828,2.887356,1.388721,3.032889,46.443836,30.206169,16.237667,16.635807,0.686722,13790596,11103,0,218,421,108,2,748,0,218,0,0,0,98,10795,0,0,421,108,2,747,9997,112,67,2,1,0,1.963433,3.791768,0.97271,0.018013,6.736918,0,1.963433,0,0,0,0.882644,0,0,3.791768,0.97271,0.018013,6.727911,1.008736,0.603441,0.018013,0.009007,0,12.55757,0,0,0,5.316511,0,0,2.506525,3.901721,1.465868,2.197797,48.220165,31.701118,16.519047,17.04393,0.681718,2370877.25,Class List:Tumor | Stroma;Classifier:Beg_P1_WTS_March2021_TvS;Classifier Output Type:Mask;Classify Registered:;Image Zoom:1;num_markers:6;nuclear_contrast:0.6;nuclear_min_intensity:0.01;nuclear_segg_agg:0.65;nuclear_fill_holes:true;nuclear_min_area:4.3;nuclear_max_area:571.7;nuclear_roundness:0.5;cyto_radius:2;membrane_segg_agg:0;cell_min_area:10;cell_max_area:600;num_phenotypes:4;verbose:true;Dye 1:Nuclei (DAPI);dye_use_membrane:False;dye_nuclei_weight:1;dye_nuclei_positive_threshold:41000;dye_cyto_positive_threshold:41000;dye_membrane_positive_threshold:41000;Dye 2:FOXP3 (Opal 650);dye_use_membrane:False;dye_nuclei_weight:0.2;dye_nuclei_positive_threshold:4.5;dye_cyto_positive_threshold:96;dye_membrane_positive_threshold:96;Dye 3:CD3 (Opal 520);dye_use_membrane:False;dye_nuclei_weight:0;dye_nuclei_positive_threshold:101;dye_cyto_positive_threshold:1;dye_membrane_positive_threshold:101;Dye 4:CD8 (Opal 570);dye_use_membrane:False;dye_nuclei_weight:0;dye_nuclei_positive_threshold:17;dye_cyto_positive_threshold:2.5;dye_membrane_positive_threshold:17;Dye 5:PD1 (Opal 540);dye_use_membrane:False;dye_nuclei_weight:0;dye_nuclei_positive_threshold:66;dye_cyto_positive_threshold:1;dye_membrane_positive_threshold:66;Dye 6:PD-L1 (Opal 620);dye_use_membrane:False;dye_nuclei_weight:0;dye_nuclei_positive_threshold:3;dye_cyto_positive_threshold:1;dye_membrane_positive_threshold:31;phenotype_name:CD3+ FOXP3+;phenotype_num_criterias:2;phenotype_criteria_channel:CD3 (Opal 520);phenotype_criteria_filter:AND Positive;phenotype_criteria_channel:FOXP3 (Opal 650);phenotype_criteria_filter:AND Positive;phenotype_name:CD3+ CD8+;phenotype_num_criterias:2;phenotype_criteria_channel:CD3 (Opal 520);phenotype_criteria_filter:AND Positive;phenotype_criteria_channel:CD8 (Opal 570);phenotype_criteria_filter:AND Positive;phenotype_name:CD3+ PD1+;phenotype_num_criterias:2;phenotype_criteria_channel:CD3 (Opal 520);phenotype_criteria_filter:AND Positive;phenotype_criteria_channel:PD1 (Opal 540);phenotype_criteria_filter:AND Positive;phenotype_name:CD8+ PD1+;phenotype_num_criterias:2;phenotype_criteria_channel:CD8 (Opal 570);phenotype_criteria_filter:AND Positive;phenotype_criteria_channel:PD1 (Opal 540);phenotype_criteria_filter:AND Positive;output_image:Colocalization
2,B-dur,B,2,2,3/24/21 12:58,Layer 1,9.59589,2.72309,3.59771,3.27508,21642,0,254,1573,334,8,1328,0,254,0,0,0,90,21301,0,0,1573,334,8,1328,18869,153,271,7,1,0,1.173644,7.268275,1.543296,0.036965,6.136217,0,1.173644,0,0,0,0.415858,0,0,7.268275,1.543296,0.036965,6.136217,0.706959,1.252195,0.032345,0.004621,0,14.284961,0,0,0,4.884229,0,0,2.938235,4.080252,1.414156,2.156869,51.10371,35.060665,16.043047,16.472857,0.717656,6327969,10173,0,56,539,95,4,1031,0,56,0,0,0,61,10057,0,0,539,95,4,1031,8697,38,83,3,1,0,0.550477,5.298339,0.933845,0.03932,10.13467,0,0.550477,0,0,0,0.599626,0,0,5.298339,0.933845,0.03932,10.13467,0.373538,0.815885,0.02949,0.00983,0,13.349048,0,0,0,3.97806,0,0,3.465663,3.998475,1.368142,2.078687,51.671669,35.4049,16.266769,16.675915,0.708936,2698863,11469,0,198,1034,239,4,297,0,198,0,0,0,29,11244,0,0,1034,239,4,297,10172,115,188,4,0,0,1.726393,9.015607,2.083878,0.034877,2.589589,0,1.726393,0,0,0,0.252856,0,0,9.015607,2.083878,0.034877,2.589589,1.002703,1.639201,0.034877,0,0,14.549664,0,0,0,6.790307,0,0,2.663299,4.112758,1.460171,2.428268,50.59993,34.755325,15.844604,16.292744,0.72539,3629106,Class List:Tumor | Stroma;Classifier:Beg_P1_WTS_March2021_TvS;Classifier Output Type:Mask;Classify Registered:;Image Zoom:1;num_markers:6;nuclear_contrast:0.8;nuclear_min_intensity:1;nuclear_segg_agg:0.65;nuclear_fill_holes:true;nuclear_min_area:4.3;nuclear_max_area:571.7;nuclear_roundness:0;cyto_radius:2;membrane_segg_agg:0;cell_min_area:10;cell_max_area:600;num_phenotypes:4;verbose:true;Dye 1:Nuclei (DAPI);dye_use_membrane:False;dye_nuclei_weight:1;dye_nuclei_positive_threshold:41000;dye_cyto_positive_threshold:41000;dye_membrane_positive_threshold:41000;Dye 2:FOXP3 (Opal 650);dye_use_membrane:False;dye_nuclei_weight:0.2;dye_nuclei_positive_threshold:4.5;dye_cyto_positive_threshold:96;dye_membrane_positive_threshold:96;Dye 3:CD3 (Opal 520);dye_use_membrane:False;dye_nuclei_weight:0;dye_nuclei_positive_threshold:101;dye_cyto_positive_threshold:1;dye_membrane_positive_threshold:101;Dye 4:CD8 (Opal 570);dye_use_membrane:False;dye_nuclei_weight:0;dye_nuclei_positive_threshold:17;dye_cyto_positive_threshold:2.5;dye_membrane_positive_threshold:17;Dye 5:PD1 (Opal 540);dye_use_membrane:False;dye_nuclei_weight:0;dye_nuclei_positive_threshold:66;dye_cyto_positive_threshold:1;dye_membrane_positive_threshold:66;Dye 6:PD-L1 (Opal 620);dye_use_membrane:False;dye_nuclei_weight:0;dye_nuclei_positive_threshold:3;dye_cyto_positive_threshold:1;dye_membrane_positive_threshold:31;phenotype_name:CD3+ FOXP3+;phenotype_num_criterias:2;phenotype_criteria_channel:CD3 (Opal 520);phenotype_criteria_filter:AND Positive;phenotype_criteria_channel:FOXP3 (Opal 650);phenotype_criteria_filter:AND Positive;phenotype_name:CD3+ CD8+;phenotype_num_criterias:2;phenotype_criteria_channel:CD3 (Opal 520);phenotype_criteria_filter:AND Positive;phenotype_criteria_channel:CD8 (Opal 570);phenotype_criteria_filter:AND Positive;phenotype_name:CD3+ PD1+;phenotype_num_criterias:2;phenotype_criteria_channel:CD3 (Opal 520);phenotype_criteria_filter:AND Positive;phenotype_criteria_channel:PD1 (Opal 540);phenotype_criteria_filter:AND Positive;phenotype_name:CD8+ PD1+;phenotype_num_criterias:2;phenotype_criteria_channel:CD8 (Opal 570);phenotype_criteria_filter:AND Positive;phenotype_criteria_channel:PD1 (Opal 540);phenotype_criteria_filter:AND Positive;output_image:Colocalization
2,B-dur,B,2,2,3/24/21 13:01,Layer 1,10.92468,0.16574,4.25738,6.50157,15237,0,2,0,49,12,37,0,2,0,0,0,2,15233,0,0,0,49,12,37,15147,0,0,0,8,0,0.013126,0,0.321586,0.078756,0.24283,0,0.013126,0,0,0,0.013126,0,0,0,0.321586,0.078756,0.24283,0,0,0,0.052504,0,10.055814,0,0,0,6.613575,0,0,0,3.098883,1.684098,1.649936,56.285866,36.545757,19.740108,18.317295,0.741982,4437622.5,1083,0,0,0,15,5,0,0,0,0,0,0,0,1083,0,0,0,15,5,0,1068,0,0,0,5,0,0,0,1.385042,0.461681,0,0,0,0,0,0,0,0,0,0,1.385042,0.461681,0,0,0,0,0.461681,0,0,0,0,0,0,0,0,0,3.504643,1.313638,0,61.964085,38.230724,23.733362,20.374296,0.725315,161842.078,14154,0,2,0,34,7,37,0,2,0,0,0,2,14150,0,0,0,34,7,37,14079,0,0,0,3,0,0.01413,0,0.240215,0.049456,0.26141,0,0.01413,0,0,0,0.01413,0,0,0,0.240215,0.049456,0.26141,0,0,0,0.021195,0,10.055814,0,0,0,6.613575,0,0,0,2.919871,1.948713,1.649936,55.851395,36.416832,19.434563,18.159903,0.743258,4275780.5,Class List:Tumor | Stroma;Classifier:Beg_P1_WTS_March2021_TvS;Classifier Output Type:Mask;Classify Registered:;Image Zoom:1;num_markers:6;nuclear_contrast:0.8;nuclear_min_intensity:1;nuclear_segg_agg:0.65;nuclear_fill_holes:true;nuclear_min_area:4.3;nuclear_max_area:571.7;nuclear_roundness:0;cyto_radius:2;membrane_segg_agg:0;cell_min_area:10;cell_max_area:600;num_phenotypes:4;verbose:true;Dye 1:Nuclei (DAPI);dye_use_membrane:False;dye_nuclei_weight:1;dye_nuclei_positive_threshold:41000;dye_cyto_positive_threshold:41000;dye_membrane_positive_threshold:41000;Dye 2:FOXP3 (Opal 650);dye_use_membrane:False;dye_nuclei_weight:0.2;dye_nuclei_positive_threshold:4.5;dye_cyto_positive_threshold:96;dye_membrane_positive_threshold:96;Dye 3:CD3 (Opal 520);dye_use_membrane:False;dye_nuclei_weight:0;dye_nuclei_positive_threshold:101;dye_cyto_positive_threshold:1;dye_membrane_positive_threshold:101;Dye 4:CD8 (Opal 570);dye_use_membrane:False;dye_nuclei_weight:0;dye_nuclei_positive_threshold:17;dye_cyto_positive_threshold:2.5;dye_membrane_positive_threshold:17;Dye 5:PD1 (Opal 540);dye_use_membrane:False;dye_nuclei_weight:0;dye_nuclei_positive_threshold:66;dye_cyto_positive_threshold:1;dye_membrane_positive_threshold:66;Dye 6:PD-L1 (Opal 620);dye_use_membrane:False;dye_nuclei_weight:0;dye_nuclei_positive_threshold:3;dye_cyto_positive_threshold:1;dye_membrane_positive_threshold:31;phenotype_name:CD3+ FOXP3+;phenotype_num_criterias:2;phenotype_criteria_channel:CD3 (Opal 520);phenotype_criteria_filter:AND Positive;phenotype_criteria_channel:FOXP3 (Opal 650);phenotype_criteria_filter:AND Positive;phenotype_name:CD3+ CD8+;phenotype_num_criterias:2;phenotype_criteria_channel:CD3 (Opal 520);phenotype_criteria_filter:AND Positive;phenotype_criteria_channel:CD8 (Opal 570);phenotype_criteria_filter:AND Positive;phenotype_name:CD3+ PD1+;phenotype_num_criterias:2;phenotype_criteria_channel:CD3 (Opal 520);phenotype_criteria_filter:AND Positive;phenotype_criteria_channel:PD1 (Opal 540);phenotype_criteria_filter:AND Positive;phenotype_name:CD8+ PD1+;phenotype_num_criterias:2;phenotype_criteria_channel:CD8 (Opal 570);phenotype_criteria_filter:AND Positive;phenotype_criteria_channel:PD1 (Opal 540);phenotype_criteria_filter:AND Positive;output_image:Colocalization
2,B-dur,B,2,2,3/24/21 12:26,Layer 1,9.91426,2.5761,1.86325,5.4749,5509,0,290,361,52,1,243,0,290,0,0,0,15,5205,0,0,361,52,1,243,4900,99,45,1,1,0,5.264113,6.552913,0.94391,0.018152,4.410964,0,5.264113,0,0,0,0.272282,0,0,6.552913,0.94391,0.018152,4.410964,1.797059,0.816845,0.018152,0.018152,0,10.250055,0,0,0,6.45531,0,0,2.423041,5.745046,1.193646,1.831389,42.575947,31.557688,11.018257,13.647623,0.6766,4448388.5,4116,0,167,129,18,0,229,0,167,0,0,0,14,3936,0,0,129,18,0,229,3753,30,12,0,0,0,4.057337,3.134111,0.437318,0,5.563654,0,4.057337,0,0,0,0.340136,0,0,3.134111,0.437318,0,5.563654,0.728863,0.291545,0,0,0,7.579115,0,0,0,6.668651,0,0,2.217684,5.35479,0,1.836027,43.40707,31.871147,11.535923,14.00312,0.676876,2555211.5,1393,0,123,232,34,1,14,0,123,0,0,0,1,1269,0,0,232,34,1,14,1147,69,33,1,1,0,8.829864,16.654701,2.440775,0.071788,1.005025,0,8.829864,0,0,0,0.071788,0,0,16.654701,2.440775,0.071788,1.005025,4.953338,2.368988,0.071788,0.071788,0,13.876453,0,0,0,3.468534,0,0,2.537226,5.951652,1.193646,1.755515,40.120163,30.631491,9.48867,12.597211,0.675786,1893177.13,Class List:Tumor | Stroma;Classifier:Beg_P1_WTS_March2021_TvS;Classifier Output Type:Mask;Classify Registered:;Image Zoom:1;num_markers:6;nuclear_contrast:0.8;nuclear_min_intensity:1;nuclear_segg_agg:0.65;nuclear_fill_holes:true;nuclear_min_area:4.3;nuclear_max_area:571.7;nuclear_roundness:0;cyto_radius:2;membrane_segg_agg:0;cell_min_area:10;cell_max_area:600;num_phenotypes:4;verbose:true;Dye 1:Nuclei (DAPI);dye_use_membrane:False;dye_nuclei_weight:1;dye_nuclei_positive_threshold:41000;dye_cyto_positive_threshold:41000;dye_membrane_positive_threshold:41000;Dye 2:FOXP3 (Opal 650);dye_use_membrane:False;dye_nuclei_weight:0.2;dye_nuclei_positive_threshold:4.5;dye_cyto_positive_threshold:96;dye_membrane_positive_threshold:96;Dye 3:CD3 (Opal 520);dye_use_membrane:False;dye_nuclei_weight:0;dye_nuclei_positive_threshold:101;dye_cyto_positive_threshold:1;dye_membrane_positive_threshold:101;Dye 4:CD8 (Opal 570);dye_use_membrane:False;dye_nuclei_weight:0;dye_nuclei_positive_threshold:17;dye_cyto_positive_threshold:4;dye_membrane_positive_threshold:17;Dye 5:PD1 (Opal 540);dye_use_membrane:False;dye_nuclei_weight:0;dye_nuclei_positive_threshold:66;dye_cyto_positive_threshold:1;dye_membrane_positive_threshold:66;Dye 6:PD-L1 (Opal 620);dye_use_membrane:False;dye_nuclei_weight:0;dye_nuclei_positive_threshold:3;dye_cyto_positive_threshold:1;dye_membrane_positive_threshold:31;phenotype_name:CD3+ FOXP3+;phenotype_num_criterias:2;phenotype_criteria_channel:CD3 (Opal 520);phenotype_criteria_filter:AND Positive;phenotype_criteria_channel:FOXP3 (Opal 650);phenotype_criteria_filter:AND Positive;phenotype_name:CD3+ CD8+;phenotype_num_criterias:2;phenotype_criteria_channel:CD3 (Opal 520);phenotype_criteria_filter:AND Positive;phenotype_criteria_channel:CD8 (Opal 570);phenotype_criteria_filter:AND Positive;phenotype_name:CD3+ PD1+;phenotype_num_criterias:2;phenotype_criteria_channel:CD3 (Opal 520);phenotype_criteria_filter:AND Positive;phenotype_criteria_channel:PD1 (Opal 540);phenotype_criteria_filter:AND Positive;phenotype_name:CD8+ PD1+;phenotype_num_criterias:2;phenotype_criteria_channel:CD8 (Opal 570);phenotype_criteria_filter:AND Positive;phenotype_criteria_channel:PD1 (Opal 540);phenotype_criteria_filter:AND Positive;output_image:CD8 (Opal 570)
2,B-dur,B,2,2,3/24/21 12:17,Layer 1,15.13427,3.17774,10.59646,1.36007,86797,0,213,1392,108,1,1772,0,213,0,1,0,133,86457,0,0,1392,108,1,1772,83619,164,86,1,0,0,0.2454,1.603742,0.124428,0.001152,2.041545,0,0.2454,0,0.001152,0,0.153231,0,0,1.603742,0.124428,0.001152,2.041545,0.188947,0.099082,0.001152,0,0,10.016104,0,18.057589,0,4.719082,0,0,3.181178,3.568164,1.07359,1.694558,49.944958,33.225204,16.719753,17.071861,0.689136,13784804,20815,0,25,41,7,0,1617,0,25,0,0,0,110,20684,0,0,41,7,0,1617,19156,8,4,0,0,0,0.120106,0.196973,0.03363,0,7.768436,0,0.120106,0,0,0,0.528465,0,0,0.196973,0.03363,0,7.768436,0.038434,0.019217,0,0,0,7.679461,0,0,0,4.700029,0,0,2.60579,4.251241,0,1.691989,50.637413,33.554993,17.08242,17.081518,0.694615,3141929,65982,0,188,1351,101,1,155,0,188,0,1,0,23,65773,0,0,1351,101,1,155,64463,156,82,1,0,0,0.284926,2.047528,0.153072,0.001516,0.234913,0,0.284926,0,0.001516,0,0.034858,0,0,2.047528,0.153072,0.001516,0.234913,0.236428,0.124276,0.001516,0,0,10.326828,0,18.057589,0,4.810205,0,0,3.19864,3.520823,1.07359,1.721356,49.726513,33.12117,16.605345,17.068815,0.687407,10642875,Class List:Tumor | Stroma;Classifier:Beg_P1_WTS_March2021_TvS;Classifier Output Type:Mask;Classify Registered:;Image Zoom:1;num_markers:6;nuclear_contrast:0.6;nuclear_min_intensity:0.01;nuclear_segg_agg:0.65;nuclear_fill_holes:true;nuclear_min_area:4.3;nuclear_max_area:571.7;nuclear_roundness:0.5;cyto_radius:2;membrane_segg_agg:0;cell_min_area:10;cell_max_area:600;num_phenotypes:4;verbose:true;Dye 1:Nuclei (DAPI);dye_use_membrane:False;dye_nuclei_weight:1;dye_nuclei_positive_threshold:41000;dye_cyto_positive_threshold:41000;dye_membrane_positive_threshold:41000;Dye 2:FOXP3 (Opal 650);dye_use_membrane:False;dye_nuclei_weight:0.2;dye_nuclei_positive_threshold:4.5;dye_cyto_positive_threshold:96;dye_membrane_positive_threshold:96;Dye 3:CD3 (Opal 520);dye_use_membrane:False;dye_nuclei_weight:0;dye_nuclei_positive_threshold:101;dye_cyto_positive_threshold:1;dye_membrane_positive_threshold:101;Dye 4:CD8 (Opal 570);dye_use_membrane:False;dye_nuclei_weight:0;dye_nuclei_positive_threshold:17;dye_cyto_positive_threshold:2.5;dye_membrane_positive_threshold:17;Dye 5:PD1 (Opal 540);dye_use_membrane:False;dye_nuclei_weight:0;dye_nuclei_positive_threshold:66;dye_cyto_positive_threshold:1;dye_membrane_positive_threshold:66;Dye 6:PD-L1 (Opal 620);dye_use_membrane:False;dye_nuclei_weight:0;dye_nuclei_positive_threshold:3;dye_cyto_positive_threshold:1;dye_membrane_positive_threshold:31;phenotype_name:CD3+ FOXP3+;phenotype_num_criterias:2;phenotype_criteria_channel:CD3 (Opal 520);phenotype_criteria_filter:AND Positive;phenotype_criteria_channel:FOXP3 (Opal 650);phenotype_criteria_filter:AND Positive;phenotype_name:CD3+ CD8+;phenotype_num_criterias:2;phenotype_criteria_channel:CD3 (Opal 520);phenotype_criteria_filter:AND Positive;phenotype_criteria_channel:CD8 (Opal 570);phenotype_criteria_filter:AND Positive;phenotype_name:CD3+ PD1+;phenotype_num_criterias:2;phenotype_criteria_channel:CD3 (Opal 520);phenotype_criteria_filter:AND Positive;phenotype_criteria_channel:PD1 (Opal 540);phenotype_criteria_filter:AND Positive;phenotype_name:CD8+ PD1+;phenotype_num_criterias:2;phenotype_criteria_channel:CD8 (Opal 570);phenotype_criteria_filter:AND Positive;phenotype_criteria_channel:PD1 (Opal 540);phenotype_criteria_filter:AND Positive;output_image:Colocalization
2,B-dur,B,2,2,3/24/21 13:13,Layer 1,12.35462,1.93063,5.56994,4.85405,21101,0,847,4520,886,17,5178,0,847,0,0,0,505,19760,0,0,4520,886,17,5178,12635,701,792,17,0,0,4.014028,21.420786,4.198853,0.080565,24.539122,0,4.014028,0,0,0,2.393251,0,0,21.420786,4.198853,0.080565,24.539122,3.322117,3.753377,0.080565,0,0,14.716042,0,0,0,5.195594,0,0,2.998974,4.540251,1.342894,2.779283,46.683151,33.249458,13.43369,15.108306,0.698398,7510536.5,6056,0,104,615,145,5,2113,0,104,0,0,0,262,5696,0,0,615,145,5,2113,3554,84,132,5,0,0,1.717305,10.155218,2.39432,0.082563,34.891018,0,1.717305,0,0,0,4.326288,0,0,10.155218,2.39432,0.082563,34.891018,1.387054,2.179657,0.082563,0,0,14.741309,0,0,0,5.659837,0,0,2.961143,4.411733,1.58511,3.347307,51.25658,35.011913,16.244667,16.745001,0.701471,1914567.88,15045,0,743,3905,741,12,3065,0,743,0,0,0,243,14064,0,0,3905,741,12,3065,9081,617,660,12,0,0,4.938518,25.955467,4.925224,0.079761,20.372217,0,4.938518,0,0,0,1.615155,0,0,25.955467,4.925224,0.079761,20.372217,4.10103,4.386839,0.079761,0,0,14.712504,0,0,0,4.695052,0,0,3.004932,4.5654,1.241971,2.387689,44.842224,32.540028,12.302199,14.449494,0.697161,5595968.5,Class List:Tumor | Stroma;Classifier:Beg_P1_WTS_March2021_TvS;Classifier Output Type:Mask;Classify Registered:;Image Zoom:1;num_markers:6;nuclear_contrast:0.8;nuclear_min_intensity:1;nuclear_segg_agg:0.65;nuclear_fill_holes:true;nuclear_min_area:4.3;nuclear_max_area:571.7;nuclear_roundness:0;cyto_radius:2;membrane_segg_agg:0;cell_min_area:10;cell_max_area:600;num_phenotypes:4;verbose:true;Dye 1:Nuclei (DAPI);dye_use_membrane:False;dye_nuclei_weight:1;dye_nuclei_positive_threshold:41000;dye_cyto_positive_threshold:41000;dye_membrane_positive_threshold:41000;Dye 2:FOXP3 (Opal 650);dye_use_membrane:False;dye_nuclei_weight:0.2;dye_nuclei_positive_threshold:4.5;dye_cyto_positive_threshold:96;dye_membrane_positive_threshold:96;Dye 3:CD3 (Opal 520);dye_use_membrane:False;dye_nuclei_weight:0;dye_nuclei_positive_threshold:101;dye_cyto_positive_threshold:1;dye_membrane_positive_threshold:101;Dye 4:CD8 (Opal 570);dye_use_membrane:False;dye_nuclei_weight:0;dye_nuclei_positive_threshold:17;dye_cyto_positive_threshold:2.5;dye_membrane_positive_threshold:17;Dye 5:PD1 (Opal 540);dye_use_membrane:False;dye_nuclei_weight:0;dye_nuclei_positive_threshold:66;dye_cyto_positive_threshold:1;dye_membrane_positive_threshold:66;Dye 6:PD-L1 (Opal 620);dye_use_membrane:False;dye_nuclei_weight:0;dye_nuclei_positive_threshold:3;dye_cyto_positive_threshold:1;dye_membrane_positive_threshold:31;phenotype_name:CD3+ FOXP3+;phenotype_num_criterias:2;phenotype_criteria_channel:CD3 (Opal 520);phenotype_criteria_filter:AND Positive;phenotype_criteria_channel:FOXP3 (Opal 650);phenotype_criteria_filter:AND Positive;phenotype_name:CD3+ CD8+;phenotype_num_criterias:2;phenotype_criteria_channel:CD3 (Opal 520);phenotype_criteria_filter:AND Positive;phenotype_criteria_channel:CD8 (Opal 570);phenotype_criteria_filter:AND Positive;phenotype_name:CD3+ PD1+;phenotype_num_criterias:2;phenotype_criteria_channel:CD3 (Opal 520);phenotype_criteria_filter:AND Positive;phenotype_criteria_channel:PD1 (Opal 540);phenotype_criteria_filter:AND Positive;phenotype_name:CD8+ PD1+;phenotype_num_criterias:2;phenotype_criteria_channel:CD8 (Opal 570);phenotype_criteria_filter:AND Positive;phenotype_criteria_channel:PD1 (Opal 540);phenotype_criteria_filter:AND Positive;output_image:Colocalization
2,B-dur,B,2,2,3/24/21 13:14,Layer 1,49.07608,5.92531,9.7081,33.44267,63019,0,1496,9280,1401,54,14277,0,1496,0,1,0,1473,60096,0,0,9280,1401,54,14275,42207,1296,1290,52,6,0,2.373887,14.725718,2.223139,0.085688,22.655073,0,2.373887,0,0.001587,0,2.33739,0,0,14.725718,2.223139,0.085688,22.651899,2.056523,2.047002,0.082515,0.009521,0,13.990719,0,18.708071,0,4.838521,0,0,2.963942,3.751456,1.466612,2.72554,49.782387,34.137783,15.644603,16.431448,0.696249,15671243,33780,0,652,4222,735,31,11070,0,652,0,1,0,1235,31931,0,0,4222,735,31,11069,20153,546,672,30,4,0,1.930136,12.49852,2.175844,0.09177,32.77087,0,1.930136,0,0.00296,0,3.656009,0,0,12.49852,2.175844,0.09177,32.76791,1.616341,1.989343,0.08881,0.011841,0,14.465377,0,18.708071,0,4.821023,0,0,2.897753,3.829626,1.502412,2.897354,53.145615,35.208706,17.936911,17.55513,0.707804,5848042.5,29239,0,844,5058,666,23,3207,0,844,0,0,0,238,28165,0,0,5058,666,23,3206,22054,750,618,22,2,0,2.886556,17.298813,2.27778,0.078662,10.968227,0,2.886556,0,0,0,0.813981,0,0,17.298813,2.27778,0.078662,10.964808,2.565067,2.113615,0.075242,0.00684,0,13.62404,0,0,0,4.929317,0,0,3.01919,3.665188,1.41836,2.132337,45.896828,32.900539,12.996285,15.133254,0.6829,9823201,Class List:Tumor | Stroma;Classifier:Beg_P1_WTS_March2021_TvS;Classifier Output Type:Mask;Classify Registered:;Image Zoom:1;num_markers:6;nuclear_contrast:0.8;nuclear_min_intensity:1;nuclear_segg_agg:0.65;nuclear_fill_holes:true;nuclear_min_area:4.3;nuclear_max_area:571.7;nuclear_roundness:0;cyto_radius:2;membrane_segg_agg:0;cell_min_area:10;cell_max_area:600;num_phenotypes:4;verbose:true;Dye 1:Nuclei (DAPI);dye_use_membrane:False;dye_nuclei_weight:1;dye_nuclei_positive_threshold:41000;dye_cyto_positive_threshold:41000;dye_membrane_positive_threshold:41000;Dye 2:FOXP3 (Opal 650);dye_use_membrane:False;dye_nuclei_weight:0.2;dye_nuclei_positive_threshold:4.5;dye_cyto_positive_threshold:96;dye_membrane_positive_threshold:96;Dye 3:CD3 (Opal 520);dye_use_membrane:False;dye_nuclei_weight:0;dye_nuclei_positive_threshold:101;dye_cyto_positive_threshold:1;dye_membrane_positive_threshold:101;Dye 4:CD8 (Opal 570);dye_use_membrane:False;dye_nuclei_weight:0;dye_nuclei_positive_threshold:17;dye_cyto_positive_threshold:2.5;dye_membrane_positive_threshold:17;Dye 5:PD1 (Opal 540);dye_use_membrane:False;dye_nuclei_weight:0;dye_nuclei_positive_threshold:66;dye_cyto_positive_threshold:1;dye_membrane_positive_threshold:66;Dye 6:PD-L1 (Opal 620);dye_use_membrane:False;dye_nuclei_weight:0;dye_nuclei_positive_threshold:3;dye_cyto_positive_threshold:1;dye_membrane_positive_threshold:31;phenotype_name:CD3+ FOXP3+;phenotype_num_criterias:2;phenotype_criteria_channel:CD3 (Opal 520);phenotype_criteria_filter:AND Positive;phenotype_criteria_channel:FOXP3 (Opal 650);phenotype_criteria_filter:AND Positive;phenotype_name:CD3+ CD8+;phenotype_num_criterias:2;phenotype_criteria_channel:CD3 (Opal 520);phenotype_criteria_filter:AND Positive;phenotype_criteria_channel:CD8 (Opal 570);phenotype_criteria_filter:AND Positive;phenotype_name:CD3+ PD1+;phenotype_num_criterias:2;phenotype_criteria_channel:CD3 (Opal 520);phenotype_criteria_filter:AND Positive;phenotype_criteria_channel:PD1 (Opal 540);phenotype_criteria_filter:AND Positive;phenotype_name:CD8+ PD1+;phenotype_num_criterias:2;phenotype_criteria_channel:CD8 (Opal 570);phenotype_criteria_filter:AND Positive;phenotype_criteria_channel:PD1 (Opal 540);phenotype_criteria_filter:AND Positive;output_image:Colocalization
2,B-dur,B,2,2,3/24/21 13:16,Layer 1,28.07051,2.70481,12.02943,13.33627,48927,0,958,4411,400,4,161,0,958,0,0,0,20,47950,0,0,4411,400,4,160,44341,734,329,4,0,0,1.958019,9.015472,0.817545,0.008175,0.329062,0,1.958019,0,0,0,0.040877,0,0,9.015472,0.817545,0.008175,0.327018,1.500194,0.67243,0.008175,0,0,10.880289,0,0,0,12.043052,0,0,2.713385,3.716503,1.385654,2.891785,44.50914,32.262905,12.246235,14.644332,0.676494,14747145,9830,0,67,281,19,0,36,0,67,0,0,0,8,9756,0,0,281,19,0,36,9511,34,15,0,0,0,0.681587,2.858596,0.193286,0,0.366226,0,0.681587,0,0,0,0.081384,0,0,2.858596,0.193286,0,0.366226,0.34588,0.152594,0,0,0,10.733572,0,0,0,18.076796,0,0,2.372467,3.379485,0,5.113983,47.272663,32.633942,14.638721,15.940755,0.68801,2674537,39097,0,891,4130,381,4,125,0,891,0,0,0,12,38194,0,0,4130,381,4,124,34830,700,314,4,0,0,2.278947,10.56347,0.974499,0.010231,0.319718,0,2.278947,0,0,0,0.030693,0,0,10.56347,0.974499,0.010231,0.31716,1.790419,0.803131,0.010231,0,0,10.891322,0,0,0,8.020555,0,0,2.736581,3.73331,1.385654,2.246631,43.81432,32.169617,11.644701,14.318377,0.673598,12072608,Class List:Tumor | Stroma;Classifier:Beg_P1_WTS_March2021_TvS;Classifier Output Type:Mask;Classify Registered:;Image Zoom:1;num_markers:6;nuclear_contrast:0.8;nuclear_min_intensity:1;nuclear_segg_agg:0.65;nuclear_fill_holes:true;nuclear_min_area:4.3;nuclear_max_area:571.7;nuclear_roundness:0;cyto_radius:2;membrane_segg_agg:0;cell_min_area:10;cell_max_area:600;num_phenotypes:4;verbose:true;Dye 1:Nuclei (DAPI);dye_use_membrane:False;dye_nuclei_weight:1;dye_nuclei_positive_threshold:41000;dye_cyto_positive_threshold:41000;dye_membrane_positive_threshold:41000;Dye 2:FOXP3 (Opal 650);dye_use_membrane:False;dye_nuclei_weight:0.2;dye_nuclei_positive_threshold:4.5;dye_cyto_positive_threshold:96;dye_membrane_positive_threshold:96;Dye 3:CD3 (Opal 520);dye_use_membrane:False;dye_nuclei_weight:0;dye_nuclei_positive_threshold:101;dye_cyto_positive_threshold:1;dye_membrane_positive_threshold:101;Dye 4:CD8 (Opal 570);dye_use_membrane:False;dye_nuclei_weight:0;dye_nuclei_positive_threshold:17;dye_cyto_positive_threshold:2.5;dye_membrane_positive_threshold:17;Dye 5:PD1 (Opal 540);dye_use_membrane:False;dye_nuclei_weight:0;dye_nuclei_positive_threshold:66;dye_cyto_positive_threshold:1;dye_membrane_positive_threshold:66;Dye 6:PD-L1 (Opal 620);dye_use_membrane:False;dye_nuclei_weight:0;dye_nuclei_positive_threshold:3;dye_cyto_positive_threshold:1;dye_membrane_positive_threshold:31;phenotype_name:CD3+ FOXP3+;phenotype_num_criterias:2;phenotype_criteria_channel:CD3 (Opal 520);phenotype_criteria_filter:AND Positive;phenotype_criteria_channel:FOXP3 (Opal 650);phenotype_criteria_filter:AND Positive;phenotype_name:CD3+ CD8+;phenotype_num_criterias:2;phenotype_criteria_channel:CD3 (Opal 520);phenotype_criteria_filter:AND Positive;phenotype_criteria_channel:CD8 (Opal 570);phenotype_criteria_filter:AND Positive;phenotype_name:CD3+ PD1+;phenotype_num_criterias:2;phenotype_criteria_channel:CD3 (Opal 520);phenotype_criteria_filter:AND Positive;phenotype_criteria_channel:PD1 (Opal 540);phenotype_criteria_filter:AND Positive;phenotype_name:CD8+ PD1+;phenotype_num_criterias:2;phenotype_criteria_channel:CD8 (Opal 570);phenotype_criteria_filter:AND Positive;phenotype_criteria_channel:PD1 (Opal 540);phenotype_criteria_filter:AND Positive;output_image:Colocalization
2,B-dur,B,2,2,3/24/21 13:20,Layer 1,19.27115,0.36172,6.62074,12.28869,23364,0,9,397,161,0,23,0,9,0,0,0,1,23355,0,0,397,161,0,23,22908,4,120,0,0,0,0.038521,1.699195,0.689094,0,0.098442,0,0.038521,0,0,0,0.00428,0,0,1.699195,0.689094,0,0.098442,0.01712,0.513611,0,0,0,11.492346,0,0,0,6.645647,0,0,2.760199,3.798322,0,1.407098,50.262051,34.376736,15.885316,16.258993,0.739814,7004546,1659,0,1,9,7,0,1,0,1,0,0,0,0,1658,0,0,9,7,0,1,1647,0,5,0,0,0,0.060277,0.542495,0.421941,0,0.060277,0,0.060277,0,0,0,0,0,0,0.542495,0.421941,0,0.060277,0,0.301386,0,0,0,10.633524,0,0,0,0,0,0,2.473128,3.828569,0,1.640537,53.794403,35.728428,18.065979,17.026129,0.778445,355193.375,21705,0,8,388,154,0,22,0,8,0,0,0,1,21697,0,0,388,154,0,22,21261,4,115,0,0,0,0.036858,1.787607,0.709514,0,0.101359,0,0.036858,0,0,0,0.004607,0,0,1.787607,0.709514,0,0.101359,0.018429,0.529832,0,0,0,11.599698,0,0,0,6.645647,0,0,2.766857,3.796947,0,1.396487,49.992062,34.273422,15.718638,16.200359,0.736862,6649353,Class List:Tumor | Stroma;Classifier:Beg_P1_WTS_March2021_TvS;Classifier Output Type:Mask;Classify Registered:;Image Zoom:1;num_markers:6;nuclear_contrast:0.8;nuclear_min_intensity:1;nuclear_segg_agg:0.65;nuclear_fill_holes:true;nuclear_min_area:4.3;nuclear_max_area:571.7;nuclear_roundness:0;cyto_radius:2;membrane_segg_agg:0;cell_min_area:10;cell_max_area:600;num_phenotypes:4;verbose:true;Dye 1:Nuclei (DAPI);dye_use_membrane:False;dye_nuclei_weight:1;dye_nuclei_positive_threshold:41000;dye_cyto_positive_threshold:41000;dye_membrane_positive_threshold:41000;Dye 2:FOXP3 (Opal 650);dye_use_membrane:False;dye_nuclei_weight:0.2;dye_nuclei_positive_threshold:4.5;dye_cyto_positive_threshold:96;dye_membrane_positive_threshold:96;Dye 3:CD3 (Opal 520);dye_use_membrane:False;dye_nuclei_weight:0;dye_nuclei_positive_threshold:101;dye_cyto_positive_threshold:1;dye_membrane_positive_threshold:101;Dye 4:CD8 (Opal 570);dye_use_membrane:False;dye_nuclei_weight:0;dye_nuclei_positive_threshold:17;dye_cyto_positive_threshold:2.5;dye_membrane_positive_threshold:17;Dye 5:PD1 (Opal 540);dye_use_membrane:False;dye_nuclei_weight:0;dye_nuclei_positive_threshold:66;dye_cyto_positive_threshold:1;dye_membrane_positive_threshold:66;Dye 6:PD-L1 (Opal 620);dye_use_membrane:False;dye_nuclei_weight:0;dye_nuclei_positive_threshold:3;dye_cyto_positive_threshold:1;dye_membrane_positive_threshold:31;phenotype_name:CD3+ FOXP3+;phenotype_num_criterias:2;phenotype_criteria_channel:CD3 (Opal 520);phenotype_criteria_filter:AND Positive;phenotype_criteria_channel:FOXP3 (Opal 650);phenotype_criteria_filter:AND Positive;phenotype_name:CD3+ CD8+;phenotype_num_criterias:2;phenotype_criteria_channel:CD3 (Opal 520);phenotype_criteria_filter:AND Positive;phenotype_criteria_channel:CD8 (Opal 570);phenotype_criteria_filter:AND Positive;phenotype_name:CD3+ PD1+;phenotype_num_criterias:2;phenotype_criteria_channel:CD3 (Opal 520);phenotype_criteria_filter:AND Positive;phenotype_criteria_channel:PD1 (Opal 540);phenotype_criteria_filter:AND Positive;phenotype_name:CD8+ PD1+;phenotype_num_criterias:2;phenotype_criteria_channel:CD8 (Opal 570);phenotype_criteria_filter:AND Positive;phenotype_criteria_channel:PD1 (Opal 540);phenotype_criteria_filter:AND Positive;output_image:Colocalization
2,B-dur,B,2,2,3/24/21 13:25,Layer 1,5.47376,0.00387,3.92103,1.54886,31230,0,846,15105,15211,9,7429,0,846,0,4,0,1068,29390,0,0,15105,15211,9,7429,12721,735,12215,8,7,0,2.708934,48.366955,48.706371,0.028818,23.788025,0,2.708934,0,0.012808,0,3.419789,0,0,48.366955,48.706371,0.028818,23.788025,2.353506,39.113033,0.025616,0.022414,0,10.389266,0,17.820724,0,4.723828,0,0,2.10194,5.023706,1.295696,2.837023,49.173519,32.175301,16.99822,17.615389,0.683239,3930457.25,24,0,2,20,21,0,7,0,2,0,0,0,7,15,0,0,20,21,0,7,3,2,20,0,0,0,8.333333,83.333336,87.5,0,29.166666,0,8.333333,0,0,0,29.166666,0,0,83.333336,87.5,0,29.166666,8.333333,83.333336,0,0,0,10.051764,0,0,0,8.430717,0,0,3.10382,6.209047,0,14.380756,60.821445,36.725491,24.095957,21.268467,0.695019,3745.01196,31206,0,844,15085,15190,9,7422,0,844,0,4,0,1061,29375,0,0,15085,15190,9,7422,12718,733,12195,8,7,0,2.704608,48.340061,48.676537,0.028841,23.783888,0,2.704608,0,0.012818,0,3.399987,0,0,48.340061,48.676537,0.028841,23.783888,2.348907,39.079021,0.025636,0.022432,0,10.390066,0,17.820724,0,4.699372,0,0,2.100612,5.022067,1.295696,2.826135,49.164562,32.171799,16.992762,17.612579,0.68323,3926712.25,Class List:Tumor | Stroma;Classifier:Beg_P1_WTS_March2021_TvS;Classifier Output Type:Mask;Classify Registered:;Image Zoom:1;num_markers:6;nuclear_contrast:0.8;nuclear_min_intensity:1;nuclear_segg_agg:0.65;nuclear_fill_holes:true;nuclear_min_area:4.3;nuclear_max_area:571.7;nuclear_roundness:0;cyto_radius:2;membrane_segg_agg:0;cell_min_area:10;cell_max_area:600;num_phenotypes:4;verbose:true;Dye 1:Nuclei (DAPI);dye_use_membrane:False;dye_nuclei_weight:1;dye_nuclei_positive_threshold:41000;dye_cyto_positive_threshold:41000;dye_membrane_positive_threshold:41000;Dye 2:FOXP3 (Opal 650);dye_use_membrane:False;dye_nuclei_weight:0.2;dye_nuclei_positive_threshold:4.5;dye_cyto_positive_threshold:96;dye_membrane_positive_threshold:96;Dye 3:CD3 (Opal 520);dye_use_membrane:False;dye_nuclei_weight:0;dye_nuclei_positive_threshold:101;dye_cyto_positive_threshold:1;dye_membrane_positive_threshold:101;Dye 4:CD8 (Opal 570);dye_use_membrane:False;dye_nuclei_weight:0;dye_nuclei_positive_threshold:17;dye_cyto_positive_threshold:2.5;dye_membrane_positive_threshold:17;Dye 5:PD1 (Opal 540);dye_use_membrane:False;dye_nuclei_weight:0;dye_nuclei_positive_threshold:66;dye_cyto_positive_threshold:1;dye_membrane_positive_threshold:66;Dye 6:PD-L1 (Opal 620);dye_use_membrane:False;dye_nuclei_weight:0;dye_nuclei_positive_threshold:3;dye_cyto_positive_threshold:1;dye_membrane_positive_threshold:31;phenotype_name:CD3+ FOXP3+;phenotype_num_criterias:2;phenotype_criteria_channel:CD3 (Opal 520);phenotype_criteria_filter:AND Positive;phenotype_criteria_channel:FOXP3 (Opal 650);phenotype_criteria_filter:AND Positive;phenotype_name:CD3+ CD8+;phenotype_num_criterias:2;phenotype_criteria_channel:CD3 (Opal 520);phenotype_criteria_filter:AND Positive;phenotype_criteria_channel:CD8 (Opal 570);phenotype_criteria_filter:AND Positive;phenotype_name:CD3+ PD1+;phenotype_num_criterias:2;phenotype_criteria_channel:CD3 (Opal 520);phenotype_criteria_filter:AND Positive;phenotype_criteria_channel:PD1 (Opal 540);phenotype_criteria_filter:AND Positive;phenotype_name:CD8+ PD1+;phenotype_num_criterias:2;phenotype_criteria_channel:CD8 (Opal 570);phenotype_criteria_filter:AND Positive;phenotype_criteria_channel:PD1 (Opal 540);phenotype_criteria_filter:AND Positive;output_image:Colocalization